Orthogroup,Enqua_tentacles1,Enqua_tentacles2,Enqua_tentacles3,Enqua_tentacles4,Enqua_tentacles5,Enqua_tentacles6,Mado_tentacle_i1,Mado_tentacle_i2,Mado_tentacle_o1,Mado_tentacle_o2,Stgag_tentacles1,Stgag_tentacles2,Stgag_tentacles3,Stgag_tentacles4,Stmer_tentacles1,Stmer_tentacles2,Stmer_tentacles3,Stmer_tentacles4,Sthad_tentacles1,Sthad_tentacles2,Sthad_tentacles3,Heau_tentacles1,Heau_tentacles2,Heau_tentacles3,Heau_tentacles4,Heau_tentacles5,Hecri_tentacles1,Hecri_tentacles2,Hecri_tentacles3,Hecri_tentacles4,Hemag_tentacles1,Hemag_tentacles2,Hemag_tentacles3,Hemag_tentacles4,Hemag_tentacles5
OG0005773,481,445,44,110,169,50,1483,1396,2012,831,3669,1057,1539,1287,442,549,581,369,1914,864,676,2004,430,424,477,843,1430,420,376,854,2192,637,937,817,540
OG0004966,491,387,30,153,120,79,57,22,48,24,671,379,355,246,112,164,89,69,801,423,347,724,230,250,190,288,180,75,126,210,495,323,147,131,146
OG0005102,361,87,17,103,108,115,665,629,889,340,322,175,210,96,173,340,142,108,222,87,96,917,160,161,162,163,276,81,89,121,299,147,103,122,53
OG0004165,920,1147,79,383,426,154,126,85,86,95,2943,1544,1937,838,1387,1677,675,1597,1809,695,574,616,310,298,380,213,35,55,67,34,3102,1172,833,998,507
OG0005641,1510,1138,61,307,651,123,268,182,258,159,6233,2948,3218,2990,1572,3919,1564,1739,15343,5570,4200,2746,786,724,703,593,1377,1057,847,823,21967,8530,7486,6395,4988
OG0000565,1587,665,284,594,737,638,825,453,539,350,437,224,226,206,293,381,191,199,1496,336,313,3037,671,678,342,1082,1536,497,509,693,714,272,350,48,179
OG0004111,1172,933,161,492,404,181,910,587,882,608,1217,388,503,456,282,800,181,127,1408,284,213,748,256,283,339,236,209,126,126,181,1163,688,368,304,329
OG0007044,300,133,12,79,95,49,775,778,1074,386,1036,368,671,269,342,524,97,147,792,217,205,1877,535,643,751,504,825,278,205,310,791,466,263,333,231
OG0006940,138,190,11,40,45,25,200,211,344,132,706,201,318,136,152,170,112,71,1012,242,269,1830,427,320,632,462,1007,352,424,316,995,375,179,199,132
OG0004708,3098,1719,157,618,1491,304,3500,1788,2914,2215,3681,1426,2226,934,2320,3343,796,1542,5122,1503,1021,9526,5319,4516,2350,2333,7976,2441,3574,1660,3911,1658,1073,864,1283
OG0001586,429,622,11,204,205,61,594,371,446,323,1505,807,1064,808,512,939,584,446,2583,913,671,3331,1064,1397,1079,1296,1134,625,646,804,3018,1272,1032,554,563
OG0005430,247,364,17,69,113,24,964,526,872,683,2272,1141,1167,991,1106,1665,1064,766,1285,856,646,3978,1025,1410,1185,1390,1670,1281,1596,1178,2125,653,980,577,423
OG0005900,1052,642,31,125,83,89,260,218,261,109,1174,328,576,348,160,185,69,55,739,225,138,792,210,186,142,197,574,167,148,244,862,195,73,84,67
OG0006542,510,234,68,199,214,70,209,121,167,92,3733,1907,3112,2323,976,1165,896,714,3535,1706,1733,1130,161,208,284,504,1035,388,518,725,3642,1324,600,1241,786
OG0002087,289,309,31,88,141,48,1043,607,872,619,4840,1079,1028,956,1222,1592,921,957,2493,897,558,1788,802,805,756,565,3043,1101,1091,872,2484,755,791,639,568
OG0005026,491,400,20,193,187,104,497,604,826,365,701,218,266,185,281,341,138,153,878,197,187,1718,420,384,456,479,590,179,194,258,1091,361,255,240,180
OG0005517,2287,433,100,680,391,325,1529,1303,1762,783,1984,991,1199,751,671,922,352,348,2340,903,908,4397,832,1079,905,1001,3702,1185,1575,1616,2658,1085,677,540,609
OG0002471,928,776,47,235,259,56,872,406,621,460,958,528,552,261,0,0,0,0,867,344,304,4764,1149,1342,1714,1059,651,567,464,647,500,349,158,105,287
OG0007189,360,966,32,114,147,68,577,435,539,252,6197,1215,1862,915,1037,1941,1566,754,7835,1659,1277,1841,360,396,579,477,947,409,563,424,5916,1529,1045,1173,732
OG0005671,9450,3101,492,1989,2420,717,1630,1367,2319,1097,3959,1299,2963,1199,787,666,669,333,4127,2175,1971,5625,1992,1936,2313,1870,1601,529,704,827,4622,2365,1322,1166,766
OG0003927,8,6,0,5,6,2,120,86,85,48,321,105,110,127,333,249,135,108,531,70,141,780,60,35,54,60,745,88,167,170,1018,166,186,266,114
OG0007237,1463,903,72,177,224,112,833,749,874,420,1498,586,932,230,643,558,1050,422,3551,1117,1037,1764,424,361,396,219,2274,461,438,693,1764,2471,789,595,399
OG0005668,1086,407,75,281,234,165,383,268,368,204,192,67,167,131,167,307,196,113,418,202,138,3021,1001,981,524,982,1384,522,540,901,1178,491,364,455,257
OG0006943,1142,633,59,295,342,141,869,590,672,370,1790,590,877,523,224,300,185,157,1213,436,349,2501,687,725,556,825,927,436,389,781,1451,595,413,808,389
OG0000163,367,801,36,122,417,62,144,61,45,96,1767,1407,1340,1245,472,900,807,611,2788,2682,2254,1384,416,527,559,613,770,1006,837,618,1579,1693,485,236,523
OG0001557,639,148,82,202,92,123,3262,3202,4372,1721,473,146,306,159,327,577,288,92,701,81,68,3096,626,520,463,839,5423,1219,1508,1704,883,319,97,157,109
OG0006878,20,70,7,16,15,6,1135,1070,1233,495,552,219,323,274,231,455,173,134,534,156,94,746,165,201,223,217,1321,660,690,663,1285,331,187,332,303
OG0002345,1169,314,76,159,185,148,242,177,245,98,284,204,255,136,120,212,44,51,248,127,91,1929,234,113,95,264,1664,532,617,921,371,157,77,87,72
OG0006936,832,853,126,227,216,103,283,125,215,141,480,303,263,312,192,464,410,223,1209,714,675,1137,486,571,1354,494,5195,1386,2600,2332,756,300,343,290,264
OG0006084,17,20,1,10,3,2,116,98,144,32,353,91,182,128,113,70,70,77,309,71,51,287,112,76,40,28,233,63,54,110,244,89,58,56,60
OG0004637,11,35,3,16,34,4,4458,2855,3636,2547,13944,4209,4132,4678,2591,5677,3155,3042,13554,4651,3465,10616,2872,3220,3774,3492,4667,2494,2890,3205,10428,4748,4871,1271,2543
OG0007342,318,378,59,133,138,55,182,161,330,116,785,184,363,155,194,215,143,112,715,345,212,1784,297,292,400,356,955,157,156,259,1862,431,404,607,358
OG0003306,10,8,0,5,3,1,958,684,1163,571,4058,359,351,258,322,297,274,202,615,90,118,810,197,235,245,287,391,293,232,310,718,663,430,259,122
OG0004439,183,130,30,73,170,64,247,213,311,113,177,136,116,71,125,105,152,76,140,36,32,671,219,170,241,220,696,233,157,590,99,92,42,34,57
OG0006378,1664,1306,88,329,462,105,600,470,568,406,1034,282,270,171,507,1593,1006,881,1250,470,378,3162,1004,1077,616,963,1774,536,570,1037,1034,267,320,205,173
OG0006799,321,84,14,54,79,18,457,406,541,183,360,72,178,52,276,285,288,275,582,276,258,842,469,225,189,249,740,224,126,282,1194,256,470,299,119
OG0005569,807,758,115,243,261,113,971,770,1256,623,3894,721,1121,500,736,1353,1072,568,3677,1481,1055,4117,919,1118,1783,1781,3217,979,1133,1863,2627,1130,792,734,425
OG0005186,1417,1315,62,280,318,133,191,79,92,96,1097,619,430,432,488,857,356,444,519,173,190,1897,527,721,710,849,1102,596,781,753,1872,643,352,311,228
OG0003897,896,357,106,336,305,198,961,842,1183,617,287,167,195,121,356,188,227,123,399,226,223,3198,511,704,808,1304,1303,515,748,1219,2064,275,503,449,279
OG0002909,2490,1301,129,342,243,289,768,229,312,385,4739,3050,3271,2885,1258,1762,562,547,3240,1468,1591,2447,602,803,659,685,448,323,265,441,2586,1198,1558,1022,635
OG0005812,941,483,55,83,126,123,4073,3438,3436,1485,11368,5776,6826,6717,555,1497,592,633,3,0,0,22248,11170,8973,4279,7422,7508,895,1245,1756,6137,4099,1972,3770,5378
OG0006944,326,188,9,80,114,55,1050,1216,1833,694,951,375,513,586,544,729,440,283,1040,336,407,1272,331,385,378,776,994,329,421,588,1700,521,787,614,633
OG0004208,1149,640,63,232,199,183,1205,903,1343,589,2194,1632,1394,1882,666,1338,270,262,1597,356,401,3224,1068,1255,622,1282,4326,1445,1377,1694,1652,617,633,635,642
OG0002518,345,164,18,82,166,73,25,5,12,18,696,306,360,295,261,592,178,205,687,153,151,266,133,114,98,122,131,111,184,143,896,260,205,235,75
OG0005883,1156,491,101,338,1089,134,103,95,91,70,1543,776,692,600,625,1179,656,937,1411,623,425,2144,492,467,358,445,444,229,275,515,1273,621,490,231,271
OG0006900,239,1101,46,198,199,66,749,590,879,343,2733,1092,538,416,436,590,545,416,1717,699,508,2062,552,528,683,556,656,273,474,420,1673,738,353,513,327
OG0004143,3764,1086,56,319,310,95,273,168,437,353,1488,143,222,63,133,193,151,229,175,157,86,635,129,180,389,308,168,158,220,172,529,191,133,92,111
OG0002778,265,13,17,76,24,73,103,73,131,55,1964,613,892,826,170,131,86,55,767,252,236,933,226,173,236,249,443,184,90,151,954,355,121,121,241
OG0000917.1,408,344,14,120,164,68,307,162,272,161,1486,782,922,889,1228,1947,1067,779,2879,855,802,2349,618,777,455,576,882,339,347,441,3093,987,918,978,619
OG0006117,125,66,6,34,24,14,19,17,14,12,286,115,146,134,142,285,211,172,345,104,56,304,85,62,90,98,6,11,14,29,313,143,76,95,97
OG0002124,3342,792,177,504,442,304,1022,681,390,126,4465,1934,2853,3104,3950,4486,2698,1485,6983,2266,1185,11045,2043,1600,2402,3487,0,0,0,0,7941,2553,1238,1486,1785
OG0003213,438,318,80,231,225,139,177,149,169,95,3048,867,1057,292,371,403,428,203,655,267,317,918,155,115,163,188,683,406,366,444,4699,1766,973,860,730
OG0003428,163,70,11,73,84,33,248,302,482,219,686,444,387,312,612,541,835,309,1696,524,435,721,123,142,113,363,586,185,171,243,668,356,181,246,247
OG0007305,620,497,35,169,279,73,312,216,400,221,591,201,200,156,178,275,247,236,823,425,229,1030,475,587,689,305,1001,226,289,344,626,223,190,150,171
OG0006198,566,119,11,51,77,42,166,170,245,142,544,227,296,150,119,217,106,73,415,116,102,1707,279,439,947,359,521,324,212,251,1036,247,277,326,96
OG0006692,897,246,110,143,187,106,488,472,771,292,849,417,708,284,433,445,248,191,709,548,423,3268,529,519,712,845,1153,414,486,595,1212,631,397,327,205
OG0003797,423,753,15,191,349,26,116,37,47,62,1293,717,568,589,238,634,430,410,988,597,328,341,178,223,259,173,136,175,197,130,382,337,143,109,77
OG0006536,3021,2931,224,1254,1429,437,305,122,162,188,7129,3280,3847,2694,1080,2119,998,1065,6748,3148,3230,1908,687,827,845,664,1709,1016,1508,702,6335,2330,2799,3018,1454
OG0007223,41,53,2,17,25,2,13,20,15,13,128,43,58,67,67,52,19,28,89,34,30,219,46,57,85,68,104,59,47,71,160,55,66,38,86
OG0007135,1099,766,69,267,260,153,422,356,678,280,1431,560,1062,321,512,591,408,213,679,495,550,1209,144,211,272,308,1403,414,403,302,2330,661,708,632,390
OG0002698,817,368,42,168,191,62,535,447,753,310,410,174,240,122,358,414,354,215,550,216,232,1003,223,265,240,252,759,350,447,477,744,350,195,182,200
OG0004499,446,622,40,177,225,77,296,113,209,175,1145,353,527,215,198,211,125,60,721,165,197,1148,320,400,192,392,712,263,318,494,631,281,265,183,182
OG0002095,68,27,8,21,41,13,291,222,224,134,206,73,62,78,37,52,63,40,405,134,116,1210,251,220,194,514,508,201,176,265,293,122,59,62,48
OG0004189,189,226,37,91,124,47,277,225,312,135,912,343,395,220,262,419,332,222,712,345,241,1310,321,272,421,500,3097,551,596,611,1124,626,288,204,243
OG0007209,780,595,47,254,230,93,339,296,433,177,2305,317,727,615,177,350,214,136,631,211,178,1206,300,281,425,303,366,175,195,231,543,234,169,105,104
OG0003214,2046,498,191,504,607,369,346,164,257,259,1849,505,477,718,326,610,241,220,1293,396,328,2746,965,983,1034,765,691,520,621,546,827,373,251,211,287
OG0006723,943,492,43,154,150,79,615,595,1009,355,686,221,281,183,449,411,682,269,743,466,481,2223,585,448,621,708,1437,310,295,815,937,376,267,193,204
OG0005798,225,300,41,180,143,53,483,431,588,285,502,183,291,140,516,654,311,241,394,228,254,1367,282,317,229,366,0,0,0,0,550,217,204,201,156
OG0006237,2041,205,85,167,155,109,150,131,173,60,3301,1540,1943,615,1015,2015,835,757,216,203,155,1538,333,404,261,481,864,195,251,316,1515,892,578,451,164
OG0003846,283,136,19,116,92,27,672,595,801,284,893,335,489,243,298,404,358,231,776,192,130,1808,596,542,524,393,766,189,186,373,783,293,184,141,173
OG0005270,428,248,21,128,134,61,192,181,245,122,465,120,143,91,138,157,242,101,512,201,188,459,109,64,63,131,327,99,114,169,469,245,121,136,101
OG0007089,708,340,35,165,146,110,250,238,303,112,4134,1209,1528,860,151,278,139,97,551,162,155,1181,339,428,415,502,593,253,246,402,729,316,182,164,499
OG0005500,1294,417,90,284,186,135,508,514,640,329,716,258,543,294,391,490,299,329,520,184,111,1940,431,404,488,531,589,333,338,318,973,213,377,277,315
OG0007104,708,389,60,194,248,85,140,69,147,87,915,291,232,190,496,977,441,342,1623,993,513,1484,247,279,285,404,489,110,97,188,797,369,146,171,227
OG0003045,70,8,3,5,15,2,97,54,109,81,633,174,401,379,310,426,184,164,870,235,167,2559,400,453,538,527,341,117,166,235,805,300,274,204,315
OG0003586,0,0,0,0,0,0,1403,1257,1558,509,1490,1787,973,1625,1031,1645,2291,1152,2385,950,703,6900,3059,1979,2711,4287,2922,1276,1999,2612,3114,1956,1351,1205,1063
OG0007292,425,203,17,84,90,29,458,383,464,306,189,50,93,26,62,118,149,123,211,261,137,1410,262,318,466,547,519,158,292,303,1131,507,223,267,173
OG0006066,1099,1048,88,241,295,142,129,53,105,86,683,292,363,245,878,2573,2206,1703,652,335,281,968,237,285,268,344,196,133,134,190,1199,705,360,416,284
OG0001132,51492,22457,4600,10871,10409,7208,45383,56998,76299,28412,129521,21911,28190,9516,15432,13041,11925,9119,88382,27601,29981,138,1,0,2,0,37531,11233,15389,19506,87662,19016,23831,44098,15153
OG0006564,376,200,37,103,123,50,339,296,442,214,2008,485,901,384,391,521,254,290,884,287,455,1185,400,338,619,315,515,281,324,238,1284,493,428,527,344
OG0005775,897,186,23,193,248,77,343,230,345,239,809,571,453,374,521,1019,229,198,523,286,240,1072,737,756,338,419,463,295,349,197,657,360,164,328,274
OG0002562,567,202,88,342,277,151,823,743,789,351,939,773,868,1154,295,354,316,160,1501,899,717,2456,239,253,341,819,1246,216,289,618,1263,1076,312,263,365
OG0005221,565,284,35,159,118,61,1066,1050,1133,413,1216,376,482,490,81,133,242,118,1048,396,383,935,199,167,210,208,212,97,104,111,630,445,221,127,180
OG0003800,2233,592,165,589,449,404,777,562,818,485,3332,642,622,277,556,892,696,714,5034,1725,1357,1731,300,372,283,473,1685,601,640,864,3799,2387,1735,1167,687
OG0005607,408,271,22,82,132,38,1912,1948,2712,1154,1277,705,675,664,598,813,416,322,1579,758,569,4961,1860,2080,3073,3782,3324,1327,1141,1528,1884,924,583,676,452
OG0004876,1515,466,107,439,550,184,2167,1743,2634,1319,1469,561,781,500,317,337,252,149,2399,836,586,2882,706,806,534,1089,1449,567,632,1069,1427,626,489,408,491
OG0006664,421,273,75,205,193,79,354,331,538,228,5095,1777,2027,1425,821,909,640,514,4168,1847,1902,4115,848,790,794,1081,2603,631,852,862,3949,1722,1142,1187,1024
OG0003357,806,1220,75,296,497,67,67,20,37,34,2668,825,1043,587,267,751,859,658,1089,914,792,855,407,493,744,321,290,184,218,274,928,552,287,108,221
OG0005522,411,404,43,205,304,67,399,289,369,242,4566,1648,1773,1131,1278,2150,896,734,4018,1911,1982,1428,494,494,435,396,1311,597,832,707,4527,1424,1347,943,956
OG0002989,2439,930,142,508,611,321,1778,1412,2148,1136,5781,1898,2104,1480,851,1818,609,694,850,390,301,4910,2056,2532,2367,1234,2612,1009,1153,880,4477,1159,1781,1522,882
OG0003578,162,66,13,130,94,12,145,99,101,50,45,55,48,95,90,42,41,17,462,73,82,2752,828,531,352,1105,611,251,228,535,157,35,21,29,59
OG0006167,77,81,4,41,38,15,581,329,433,409,607,320,440,489,247,300,243,150,0,0,0,1179,260,204,264,494,690,212,246,394,772,331,137,166,335
OG0004883,534,731,66,241,292,102,1353,1192,2208,1393,2315,532,775,395,399,411,213,175,1983,476,377,2369,780,710,1632,834,1502,638,745,1035,1982,737,585,424,341
OG0005235,90,65,2,14,22,14,86,64,68,23,344,103,240,110,26,89,42,21,66,31,16,749,147,119,108,100,421,113,93,119,190,61,71,63,32
OG0004907,629,642,32,187,219,40,1296,1003,1567,605,3572,1203,1661,685,283,620,216,285,675,264,176,6402,1791,2126,3275,1161,1556,684,717,956,2848,1053,796,867,514
OG0001629,1236,950,231,663,1007,449,1075,719,1130,497,976,358,489,188,120,209,164,83,624,448,333,1832,612,816,496,529,922,572,503,408,67,91,60,22,55
OG0003292,397,276,22,119,406,71,0,0,0,0,443,194,256,247,53,166,118,54,992,340,185,372,128,171,80,188,217,143,137,107,193,84,37,30,85
OG0000717,1195,493,76,419,348,277,531,532,656,312,1274,595,617,576,359,484,265,175,1269,513,415,1807,232,221,195,448,779,215,264,286,3164,943,728,714,716
OG0003703,851,221,37,149,118,87,678,588,836,338,2123,883,1225,945,420,466,375,279,2076,749,657,4426,847,874,767,1388,1861,881,1070,1043,1655,653,402,376,326
OG0002458,233,300,22,72,78,40,557,398,576,338,2885,776,1111,436,583,779,395,404,2363,788,521,2259,582,504,774,627,1120,552,621,798,1452,718,473,440,347
OG0004423,319,1092,47,210,286,39,155,79,115,55,578,274,212,210,186,287,226,153,796,138,161,0,0,0,0,0,283,85,114,215,621,200,180,161,106
OG0007124,484,165,41,105,86,78,151,99,151,85,752,246,391,362,307,282,137,102,758,211,168,1275,361,398,327,515,752,215,244,456,1166,217,371,234,238
OG0004765,523,828,45,135,176,67,329,225,395,227,7622,3025,3139,1992,1239,1434,779,576,3381,1324,899,3352,858,955,1755,929,1549,840,1185,943,10568,800,2320,1503,1016
OG0002542,8994,8709,467,2110,3651,1174,446,262,378,267,3379,1739,1493,1740,512,1000,708,475,2004,2604,2340,2947,787,1034,1023,1870,1662,1287,1178,1474,3363,968,1115,1390,583
OG0005422,700,1011,182,438,247,147,1002,758,651,256,420,180,228,255,236,205,521,202,445,250,179,0,0,0,0,0,2497,910,1122,1353,1632,303,153,194,273
OG0004347,11,4,2,1,4,1,277,218,325,136,73,35,39,28,84,88,168,75,167,55,42,466,97,115,86,178,189,57,61,158,347,125,65,57,72
OG0003358,1987,1421,96,582,800,286,182,106,102,86,1955,926,1071,399,811,815,641,427,3071,590,629,1171,587,584,682,432,448,221,172,244,4719,1906,1265,1058,985
OG0007216,434,429,41,215,193,52,100,161,170,48,650,187,265,362,240,345,214,153,761,350,349,335,84,52,84,94,366,51,65,165,898,231,205,291,115
OG0004879,79,80,5,41,55,10,1043,862,1360,638,2147,384,658,587,480,635,461,245,1927,615,468,1615,380,553,627,574,1339,407,506,684,1970,565,470,288,405
OG0003354,257,176,16,48,57,30,19,18,20,6,313,214,301,209,130,215,114,80,416,119,198,6,0,0,0,1,484,204,130,278,851,367,177,225,145
OG0005624,745,396,43,217,186,91,488,432,551,247,3625,324,400,241,243,395,234,194,707,209,190,1352,347,367,355,410,980,250,184,369,1141,606,357,209,290
OG0004450,92,48,5,48,45,26,6,3,7,4,57,49,54,90,53,112,87,79,142,95,41,907,128,169,70,178,300,73,92,129,185,90,27,51,58
OG0004746,8745,4701,268,1387,1398,566,1940,1506,2408,1361,1555,803,756,715,821,1405,722,724,2200,1022,805,5690,1418,1343,1314,2135,4061,1574,1538,1951,616,1111,1020,540,691
OG0001326,178,134,3,43,27,16,72,69,95,41,1315,471,463,445,143,254,299,121,1301,559,534,998,284,219,380,198,175,176,166,177,1165,451,299,155,186
OG0004303,979,294,72,297,272,124,254,65,155,116,2870,622,1021,799,629,930,588,430,1968,539,445,2952,1185,1312,1017,934,304,181,281,249,1548,584,531,529,273
OG0005765,609,824,53,186,239,115,361,276,442,245,1105,876,1368,745,172,240,138,147,453,267,185,1649,455,434,668,499,574,252,202,450,796,291,213,233,148
OG0003818,2940,2177,218,488,524,161,52,60,101,49,5438,1609,1474,1476,8,57,129,99,2902,1919,1660,3718,1050,2216,1565,1004,3618,1058,1225,1092,4707,1298,1435,1268,967
OG0007218,659,590,26,136,197,92,271,156,298,166,6551,2343,2316,1180,804,1866,771,597,4726,1780,1611,4122,1310,1768,1357,1502,1634,728,825,1108,2889,783,991,1543,860
OG0005771,1005,688,86,515,798,165,590,314,500,363,469,325,337,168,206,511,235,234,1079,264,161,1854,676,566,426,604,715,275,362,326,360,265,113,134,97
OG0007031,206,145,15,51,45,28,129,94,143,57,430,170,235,180,118,115,60,60,179,80,51,680,229,150,193,269,485,151,113,288,438,163,160,80,88
OG0004304,0,0,0,0,0,0,140,60,111,95,840,398,565,672,369,420,204,237,560,411,171,1393,251,220,285,560,2959,1492,924,1865,2369,615,411,538,525
OG0005552,4109,4598,302,1267,1877,445,756,481,751,420,1910,936,1070,750,548,1598,1375,923,3413,2378,2662,1856,321,425,539,375,1135,406,689,396,3370,1571,1157,685,560
OG0006903,451,341,13,84,109,23,66,44,62,53,313,92,161,82,202,208,147,122,318,129,86,673,120,194,163,104,346,120,110,190,358,246,183,137,76
OG0007302,182,182,44,122,40,81,619,639,1006,371,1347,411,935,248,509,409,320,187,785,483,542,2106,457,352,524,667,1354,510,534,949,1913,647,502,695,530
OG0006813,4978,12076,377,1792,9959,953,540,223,307,199,18268,3946,4641,4058,1026,2572,1541,1401,14561,4697,3868,2370,778,1146,2447,770,1424,706,1022,725,7707,2139,1741,1135,1798
OG0003750,323,428,36,119,78,54,92,31,64,25,1276,687,1020,656,531,809,482,324,549,145,125,705,290,296,187,288,317,184,186,195,3421,1015,1064,1284,1559
OG0006831,358,431,26,146,124,90,688,475,778,376,991,388,570,565,420,598,533,266,1362,419,360,350,75,79,97,163,1027,216,204,511,1117,462,252,280,266
OG0003314,31,30,2,15,9,2,75,105,115,56,2387,262,468,397,213,278,233,90,734,178,178,764,257,223,399,411,686,203,310,477,199,91,167,122,206
OG0005487,276,136,22,93,253,18,81,26,67,66,1115,1020,975,1041,697,1582,644,592,3682,942,929,6930,1040,1105,1093,1807,43885,1657,894,3452,1900,2520,433,232,355
OG0006468,306,288,40,66,127,18,1395,1239,1439,754,1217,528,858,446,979,1825,2045,1287,2452,1065,1046,4657,681,561,1289,1616,3517,1489,1689,1538,2499,1546,853,903,497
OG0003848,1121,453,119,246,200,216,750,616,886,362,293,124,188,155,196,185,158,120,867,210,198,1144,274,260,253,337,415,130,126,164,342,180,87,95,94
OG0005991,329,176,14,104,157,87,263,223,372,182,1858,379,644,314,656,695,479,407,1480,344,356,2540,459,420,552,479,929,255,290,236,1835,604,351,234,258
OG0006494,757,737,66,338,327,123,767,397,647,444,1491,675,1253,584,159,335,193,119,2682,1188,1034,2696,548,531,623,776,1101,644,707,419,834,732,247,364,164
OG0005498,1802,803,156,488,428,347,1835,1000,1314,954,1362,611,621,290,714,820,312,366,1623,356,253,2831,986,1117,769,856,1852,813,773,998,3327,1235,740,1013,952
OG0006432,1831,2792,249,1400,1885,365,4673,3846,5152,2574,3717,1046,1656,1091,922,1073,1759,907,4246,2422,1890,7645,1270,2349,3065,3206,4318,1116,1408,2136,4683,1789,1128,714,829
OG0000731.1,192,292,31,87,145,53,696,538,714,357,2805,1074,1532,788,411,934,514,356,900,539,326,3629,782,1176,1063,1726,1307,538,662,971,2604,870,755,737,610
OG0004936,1133,421,103,255,245,172,488,382,583,325,456,232,271,213,429,672,770,1165,437,273,291,1709,499,530,508,343,1124,661,578,349,567,343,135,186,89
OG0006233,614,486,88,373,377,167,907,1037,1469,570,1065,482,791,268,485,455,454,254,547,529,680,2213,509,547,580,1214,2116,590,536,1383,3311,1019,762,1128,594
OG0005735,2256,419,60,305,365,227,1814,1469,2254,1215,398,161,328,358,108,177,67,99,511,247,204,3465,571,543,511,646,1123,438,518,410,1354,424,294,219,357
OG0002063,683,618,60,144,265,99,136,31,70,74,2816,1942,2258,2953,991,1585,978,615,1152,344,328,736,262,254,269,249,1188,644,699,708,766,524,271,71,221
OG0005136,3,0,0,0,0,0,1834,2032,2417,906,3817,1684,1835,1183,1167,1547,814,749,5516,1297,1500,5288,1456,2214,2055,1711,3457,1083,1686,1517,4155,1976,1080,1047,686
OG0003789,752,690,43,192,284,94,96,80,89,53,5040,1335,1672,1479,1421,3154,2382,1564,4998,1864,1860,3277,1029,1288,1345,581,741,330,430,389,3448,817,1116,1036,937
OG0007310,524,213,15,140,128,82,509,353,546,367,1959,521,641,351,442,870,534,452,593,227,164,647,127,141,169,144,643,136,182,176,516,217,101,115,73
OG0005822,3185,1599,449,1374,1364,625,1338,1242,1900,826,2325,939,1774,788,1545,1344,784,641,3116,1416,908,8320,1718,1672,2090,1721,4634,1490,1702,1496,4111,1782,1031,1179,830
OG0005141,661,103,47,167,250,55,125,91,129,62,146,53,93,115,191,139,160,95,197,79,51,753,137,188,148,180,1011,178,245,250,278,72,35,15,56
OG0003747,717,463,154,164,170,143,946,687,1225,668,418,195,385,197,719,814,494,350,617,304,281,794,163,213,203,245,676,284,271,252,980,467,229,171,136
OG0004445,147,58,11,35,19,22,296,245,365,194,289,73,105,135,95,66,78,46,332,71,47,507,122,113,132,132,188,77,71,137,390,90,99,116,60
OG0006794,929,515,72,268,479,157,1578,1499,2462,1228,2475,987,1167,693,430,694,300,319,1796,717,670,3521,680,662,890,790,2666,666,1101,1181,2255,855,724,889,468
OG0003651,1726,2460,216,1033,2239,240,259,117,198,177,1838,954,1280,1672,479,1206,830,407,1958,1667,2467,1345,368,449,689,636,0,0,0,0,1568,989,699,569,595
OG0002278,6,0,1,1,1,4,21,6,12,14,18,189,128,256,21,10,2,1,2062,309,426,638,167,89,64,224,326,227,182,304,150,39,38,107,41
OG0000769,7,3,1,0,0,2,104,54,39,7,985,571,887,508,559,326,281,163,587,864,502,1063,259,93,269,417,959,330,244,528,1070,1361,121,264,191
OG0001965,7500,7037,1397,4116,4800,1525,3537,3509,6163,2859,15909,6293,9667,3091,5375,6434,4368,3706,9619,8662,6415,7,0,0,0,0,3485,1377,2150,1542,25349,10709,7659,9648,5120
OG0003038,288,157,15,102,56,59,40,14,29,6,816,371,395,278,301,458,212,235,876,277,200,1071,224,244,428,295,737,188,221,463,635,277,225,275,334
OG0005944,512,196,40,113,189,142,543,799,706,187,1217,393,630,628,0,0,0,0,1313,369,295,610,279,234,325,305,277,123,150,159,1774,257,925,567,483
OG0004991,1012,333,67,189,245,221,594,569,709,247,961,200,443,316,308,337,234,240,385,100,57,2033,403,375,274,453,748,244,292,292,863,291,241,336,228
OG0004938,1381,1795,55,238,377,105,1104,900,1590,733,843,337,369,330,419,606,348,313,1403,731,623,2332,700,699,964,620,1788,641,742,761,1431,418,408,259,231
OG0005159,392,134,27,103,159,36,351,333,383,159,443,234,279,368,156,252,186,117,508,205,190,68,17,23,13,19,653,141,164,278,719,434,280,280,206
OG0004397,8400,6342,637,4676,3746,1264,3727,4183,4946,1894,5592,2173,3517,1656,2234,3397,2064,2108,5327,3245,1741,10992,3484,3872,5560,3595,8234,3312,4242,3495,8106,3551,1776,2465,1795
OG0003337,208,143,22,89,135,118,193,209,244,87,100,868,87,71,116,203,474,120,97,313,682,397,63,152,202,161,109,50,126,55,118,403,38,29,54
OG0005063,486,406,9,80,151,59,42,26,22,21,97,82,94,263,84,111,110,84,269,131,85,762,252,241,228,276,215,91,80,111,245,182,61,32,88
OG0000380,1084,848,108,297,509,207,503,358,420,204,1420,569,601,568,508,1012,650,515,470,308,218,1764,738,683,1030,938,1959,1054,1179,1259,3230,1086,895,1122,503
OG0006736,1213,500,99,283,364,230,414,389,557,257,1482,657,899,886,408,747,388,390,142,212,138,1921,652,699,996,667,1555,584,495,804,2190,1018,698,600,448
OG0004768,1662,1124,74,359,356,187,388,289,342,240,1462,678,453,555,303,272,122,140,1030,281,479,3915,1046,897,442,1172,1390,614,474,816,2586,345,220,308,210
OG0003035,194,123,12,56,103,29,90,27,26,51,1910,1025,1124,916,827,1270,427,649,1699,468,514,2225,609,544,299,730,1052,436,602,545,3204,1150,812,971,1221
OG0002723,359,104,31,58,78,66,162,78,125,63,1045,367,403,225,163,184,105,50,304,61,71,744,219,226,301,322,399,269,218,298,1186,337,369,433,175
OG0007278,375,270,20,83,107,53,372,293,428,186,538,183,220,212,183,286,192,132,203,57,64,2081,531,603,627,489,507,177,163,242,554,208,236,201,96
OG0006123,1340,252,54,232,284,68,135,201,224,117,870,282,384,328,163,276,249,99,717,385,190,716,130,136,102,156,213,75,101,95,236,86,81,86,25
OG0003528,57,72,9,18,26,6,36,12,27,24,1838,942,1512,938,528,772,508,285,2910,1457,1144,4043,654,712,904,1275,2076,1117,1461,1295,2108,565,813,514,466
OG0003841,247,223,5,68,102,51,180,123,170,106,2726,738,841,568,45,119,64,59,1848,554,388,963,202,265,377,231,317,156,160,126,687,158,287,80,130
OG0007281,1647,2173,44,315,584,126,113,79,122,83,590,236,285,201,87,187,129,81,440,183,128,334,113,129,135,59,161,76,69,85,353,91,87,58,44
OG0006861,298,173,34,103,71,50,432,474,727,329,1225,455,590,490,281,562,298,209,1463,449,428,2607,658,710,903,749,704,380,466,429,1206,353,299,308,234
OG0004272,392,268,50,160,145,83,347,325,424,132,1259,415,569,513,612,937,570,310,1410,561,482,2294,725,644,778,1022,1055,398,471,738,1784,482,333,222,409
OG0005247,1036,488,32,112,216,57,213,110,161,110,0,0,0,0,403,311,205,215,657,103,222,994,218,170,187,280,587,167,139,249,823,232,227,188,153
OG0005722,4,0,0,0,0,0,3238,3504,4636,2156,4367,1851,2193,2136,1149,1760,922,912,5283,2401,1711,10450,1878,1805,2086,3693,5799,2050,2146,2724,5410,2386,1530,1472,1244
OG0000794,596,325,41,208,178,108,1941,1572,2491,1216,514,196,404,131,333,403,269,195,2351,425,466,1597,233,343,242,442,797,358,570,430,824,497,278,137,218
OG0007019,467,379,44,162,153,46,141,71,91,80,399,165,202,255,232,523,432,282,594,547,697,1436,403,370,649,475,810,248,270,457,663,237,194,179,162
OG0007334,1904,1272,73,259,390,130,2934,2993,4522,2082,1441,440,389,315,176,375,362,249,1350,445,419,4405,982,959,1187,1482,584,177,170,190,953,463,222,230,172
OG0004194,1046,609,31,260,266,144,295,138,235,210,2418,930,1145,910,567,992,798,423,1797,924,1059,814,309,400,299,283,405,235,240,263,2458,1021,742,526,614
OG0006735,5136,2684,171,1056,1048,443,264,181,263,177,2432,1891,2304,1152,445,1499,436,280,2339,715,690,1244,325,249,228,281,684,147,191,164,3728,1682,1012,1155,734
OG0004219,3302,2898,504,1402,1485,830,2422,2165,3530,1827,5981,2977,3824,5129,2493,4054,1874,1666,4907,2660,1901,11085,2981,3638,3388,4871,0,0,0,0,6919,3199,2984,2425,3427
OG0005064,335,156,29,71,50,50,282,182,290,134,243,167,57,53,60,106,85,61,109,63,68,871,165,157,297,263,346,145,123,280,96,33,12,17,28
OG0005933,560,227,16,81,103,52,543,413,434,251,2568,967,1233,756,167,301,231,115,4520,1241,1230,355,37,94,101,81,754,375,324,467,769,273,309,397,160
OG0003396,1349,358,73,243,233,160,511,261,462,295,3037,1729,2451,2059,830,2075,830,412,3246,966,761,3982,856,1296,643,1666,1174,626,860,1151,2633,1110,955,721,807
OG0006074,1118,707,40,206,232,123,248,159,238,135,0,0,0,0,178,277,234,156,909,275,179,1094,231,229,277,420,355,115,131,198,781,285,159,170,177
OG0002215,1172,1520,112,343,497,233,136,45,71,100,438,289,329,388,653,1415,787,663,2662,1224,1081,895,293,238,220,282,1406,994,744,1125,1998,1150,810,643,751
OG0000089,1340,1574,74,632,922,267,49,25,22,36,400,270,396,416,369,731,680,348,1256,946,795,1456,195,226,274,372,612,273,386,435,657,314,149,147,116
OG0003728,1205,582,38,168,620,67,168,76,117,94,319,165,232,189,201,734,1169,474,1258,656,465,1795,281,282,341,468,406,295,372,522,878,521,470,156,208
OG0005693,1334,572,228,402,451,194,4419,4950,8085,3472,2548,1033,1213,860,650,638,315,207,1195,491,512,7681,1583,1874,1182,1239,5118,1334,1258,1084,3754,896,448,686,511
OG0004195,133,148,19,74,84,41,3019,2513,3908,1741,11116,2926,3535,1904,1960,2710,1202,1051,5279,1742,1540,26,0,0,5,9,3392,1298,1723,1647,12040,3535,3085,3336,1850
OG0005476,4,0,0,0,0,0,1390,1404,2114,836,9398,5494,3042,2663,2084,7473,11160,5720,3516,6218,8745,5085,2000,3816,7635,2721,3674,1660,3804,2350,6534,4319,2642,1173,1763
OG0003811,938,686,30,299,385,138,1435,1155,1471,734,890,508,791,524,40,129,45,51,2327,812,612,8307,1231,1239,726,1239,2323,492,564,1148,123,91,13,13,56
OG0004131,10,31,3,12,9,4,3035,2667,3252,1681,8624,3082,2985,2994,1922,2910,2061,1509,8217,2594,2036,12681,2566,2556,3352,3069,7977,2522,2833,3493,8030,3315,1907,1498,1522
OG0006435,1525,450,195,359,375,188,1520,1282,1815,834,1111,340,504,614,492,673,388,315,2076,619,700,4043,1386,1549,1353,1209,3361,1193,1278,1402,658,255,198,105,203
OG0004802,124,89,4,36,28,10,584,615,832,401,1189,386,430,400,235,384,271,187,763,304,228,2481,601,496,597,877,743,399,408,488,909,249,275,113,167
OG0004656,1862,1072,115,726,448,341,1639,1325,2010,1193,4674,1845,2328,1712,801,1655,647,534,3644,1037,782,5389,1979,2626,1771,1536,230,192,253,292,4331,1000,1792,1225,863
OG0003608,431,68,24,149,275,80,302,272,338,148,229,152,176,86,355,1173,675,346,521,284,177,961,378,408,421,618,470,270,240,310,615,190,393,323,240
OG0006793,833,437,74,222,169,150,774,751,1091,381,2393,646,876,468,410,562,391,305,515,278,258,4377,887,979,1172,919,2497,589,687,995,1281,653,264,176,190
OG0006683,1141,761,40,366,431,250,269,158,202,156,3446,2427,3287,1788,1389,2428,996,990,3157,2525,2586,3023,856,1195,1006,995,2221,1308,1373,1124,1836,1401,500,436,618
OG0007140,309,308,45,139,96,93,69,57,101,25,734,328,465,451,207,237,134,95,1640,471,378,572,130,140,224,156,188,52,60,85,412,210,140,154,131
OG0000571,6451,7541,533,1668,2586,958,719,459,767,569,1894,896,661,532,1149,1703,1178,1460,1879,1596,1121,7057,2311,1905,2389,1408,4892,2553,2351,1557,4684,2607,1281,1761,1040
OG0005818,568,433,49,94,110,78,826,759,1116,447,1510,368,374,197,197,239,236,74,198,77,79,1122,259,266,252,327,207,67,87,109,652,171,160,205,160
OG0004687,6474,3168,1038,2426,2393,1965,4728,3393,4993,2752,7982,5845,5861,5432,1726,3247,3565,1527,9508,8469,7401,569,177,223,285,189,8565,5089,5817,3743,12879,6165,6519,3513,3612
OG0004660,10619,5237,686,1554,2532,794,621,335,377,306,2722,1595,1452,994,1213,2388,2887,1133,8331,4226,3706,7972,2509,2616,2913,1678,2431,1082,1282,1293,6317,2556,951,992,1136
OG0007155,138,126,9,26,64,2,136,98,146,83,329,95,173,128,44,50,44,44,76,27,20,77,14,23,53,65,53,17,21,24,117,27,26,25,35
OG0004461,641,579,66,221,335,129,95,118,111,48,259,136,132,173,140,281,265,109,658,287,196,1242,139,120,136,219,402,192,143,267,155,98,28,34,47
OG0006191,306,236,29,61,79,63,901,1005,1753,685,1220,322,422,355,208,245,198,119,2505,933,599,1123,98,67,296,275,942,240,253,448,612,229,141,131,165
OG0005210,469,187,9,99,105,45,71,43,71,41,1020,242,467,215,333,430,271,240,868,274,291,494,135,80,87,153,328,56,67,122,994,320,186,245,192
OG0004896,460,171,24,118,175,93,1036,830,1324,667,558,343,330,311,239,397,182,212,432,141,223,4348,903,1039,1169,1136,1588,551,520,495,1267,400,412,311,274
OG0007161,934,464,50,149,244,102,538,668,833,414,451,185,310,229,226,246,153,83,299,96,132,2216,574,754,591,567,980,416,490,442,464,283,200,202,216
OG0006899,188,162,8,13,14,6,52,26,54,44,530,109,197,64,224,317,362,243,597,248,264,265,41,40,46,90,101,80,64,42,355,57,96,96,22
OG0006707,2190,1227,343,543,518,374,178,146,131,81,2197,903,1184,825,813,1125,671,454,10656,2507,3155,2136,410,394,409,502,577,283,517,522,3687,1316,948,876,609
OG0007308,140,129,6,48,26,16,89,131,176,70,101,12,40,36,33,31,21,16,59,24,18,207,61,45,69,52,111,23,19,53,114,44,25,23,26
OG0002340,1137,879,78,208,274,174,1260,858,1349,680,752,409,412,155,280,508,427,185,570,286,430,0,0,0,0,0,1550,638,1027,516,664,342,226,269,67
OG0006725,505,348,41,180,225,101,431,414,605,327,1465,333,692,332,498,635,231,270,1061,279,231,2604,659,600,1022,697,1134,527,482,636,1527,692,391,379,272
OG0003752,384,370,17,79,109,42,970,825,1080,587,1892,831,1016,809,467,885,390,344,2694,1101,842,2484,854,850,366,1047,1051,581,304,728,1735,684,692,743,496
OG0004901,2272,1050,101,640,1088,329,101,41,73,51,367,294,360,472,748,1218,759,817,847,206,242,1314,417,482,532,469,206,122,129,226,602,362,217,77,241
OG0007171,409,391,18,120,178,26,232,107,189,150,527,359,325,275,167,362,219,223,570,512,377,1543,372,285,226,253,312,136,178,146,505,381,135,153,51
OG0004383,448,437,80,189,322,152,224,208,325,167,803,376,667,207,434,639,351,447,753,184,267,496,104,79,111,100,1184,360,384,350,951,425,217,298,284
OG0001524,220,88,42,144,184,47,43,34,52,33,865,206,210,99,1158,1626,1136,674,466,123,140,268,45,39,128,102,47,27,41,31,355,227,116,124,108
OG0001815,1049,47,70,219,247,83,2016,2108,3005,1385,189,200,147,106,295,242,421,202,394,208,144,1941,614,372,458,640,537,371,446,501,654,425,276,424,358
OG0001964,13,1,0,4,12,3,178,177,257,109,147,104,96,100,140,337,235,131,360,134,225,308,68,113,103,214,470,227,353,164,193,94,42,65,42
OG0002720,416,184,32,81,161,59,430,306,535,261,96,164,62,58,122,83,214,93,273,156,233,775,125,146,142,217,652,151,147,174,232,114,55,43,71
OG0003023,24066,13898,1976,3659,5186,2224,1303,720,1410,912,4589,1426,1557,589,1175,1894,1055,1118,1085,519,798,10108,2273,2713,1576,1970,6995,973,1766,1244,5064,3151,1462,1314,1437
OG0003371,6140,3009,178,1218,1563,910,414,266,362,276,14999,5248,4531,5429,1775,4229,8182,3029,8276,6836,7865,1250,302,336,1036,337,1189,1041,1606,1071,9090,5084,3984,2582,2624
OG0003657,589,274,56,328,464,172,545,493,731,417,138,80,92,84,434,656,345,301,910,622,660,3133,1036,1031,876,1126,1396,677,724,724,1493,572,494,402,521
OG0003774,296,1244,448,361,442,497,69,71,49,36,2531,1481,1840,1175,2020,3682,1376,1328,2722,1712,1363,263,38,53,95,90,1025,364,490,432,4482,1132,589,425,815
OG0003801,644,1136,142,395,330,178,402,380,491,212,2436,860,1528,767,755,922,802,404,1694,1312,945,546,85,79,172,168,1536,560,691,619,3229,1110,744,520,510
OG0004216,30,69,59,191,565,9,63,12,31,56,314,170,312,80,5,17,10,3,461,105,136,720,96,67,110,96,437,203,228,258,286,303,30,112,60
OG0004373,2508,235,54,333,593,314,368,232,369,198,251,60,108,103,403,818,383,245,917,336,149,1958,233,329,211,308,951,472,257,395,1474,458,540,803,227
OG0005170,1359,988,171,373,441,273,997,859,1185,524,2846,755,1094,657,594,1124,549,396,1927,553,374,782,178,209,240,257,2072,791,915,754,2052,565,419,347,371
OG0005231,1146,1180,123,331,287,197,372,388,524,224,1373,402,746,347,480,516,525,367,1097,647,514,2225,394,284,575,244,1883,391,530,520,1809,583,351,346,320
OG0005304,0,0,0,0,0,0,807,750,932,368,1957,367,512,200,446,887,534,329,1932,329,315,2092,417,463,572,330,1173,319,309,505,2774,462,457,601,550
OG0005789,565,422,33,99,173,34,565,339,607,442,3151,948,984,835,718,1634,1243,820,2189,1166,951,2463,696,1095,1497,702,1854,497,766,767,3307,1171,1105,674,585
OG0005904,990,1159,73,469,620,156,534,587,670,464,787,368,525,329,235,382,105,141,1715,566,318,2183,1152,967,842,1131,332,107,142,122,701,338,203,184,154
OG0006079,1378,677,88,320,402,233,734,675,1031,454,1017,288,446,320,149,130,113,51,353,110,84,3518,843,964,1005,1042,2668,674,737,890,514,91,96,62,165
OG0006086,1075,795,97,167,421,131,589,586,870,355,937,261,555,357,1180,1622,1139,702,1134,838,731,3111,482,429,414,583,1024,360,431,466,3025,994,727,604,715
OG0006128,153,270,20,71,57,30,856,748,1108,450,1697,374,751,271,632,717,780,520,1406,538,412,2789,582,769,833,524,1126,404,354,595,1892,599,493,503,287
OG0006162,3066,2073,186,732,858,399,950,1055,1519,608,584,410,465,632,188,454,161,141,4777,1302,1123,4937,1248,1233,1372,1387,3825,819,881,1122,4191,1249,1221,1648,770
OG0006215,252,173,7,77,72,22,355,367,465,210,795,249,275,350,62,108,80,86,889,307,301,1716,193,258,256,435,820,97,98,272,460,177,73,81,63
OG0006242,545,196,11,110,95,71,55,56,87,30,102,57,82,127,122,225,95,88,293,101,73,1464,441,433,349,466,81,35,36,38,216,87,91,183,97
